harvest_order,type,location_name,trial_name,plot_number,plot_name,accession_name,entry_number,seedlot_name,row_number,col_number,rep_number,block_number,is_a_control
1,plot,"Ithaca, NY - McGowan",Cornell_WinterOatPeaIntercrop_2024_Ithaca,168,Cornell_WinterOatPeaIntercrop_2024_Ithaca-PLOT_168,NF13-4153-4_2,,,12,1,5,5,
2,plot,"Ithaca, NY - McGowan",Cornell_WinterOatPeaIntercrop_2024_Ithaca,141,Cornell_WinterOatPeaIntercrop_2024_Ithaca-PLOT_141,NC20-4402,,,11,1,5,5,
3,plot,"Ithaca, NY - McGowan",Cornell_WinterOatPeaIntercrop_2024_Ithaca,140,Cornell_WinterOatPeaIntercrop_2024_Ithaca-PLOT_140,NO_OATS_PLANTED,,,10,1,5,5,
4,plot,"Ithaca, NY - McGowan",Cornell_WinterOatPeaIntercrop_2024_Ithaca,113,Cornell_WinterOatPeaIntercrop_2024_Ithaca-PLOT_113,FLLA17069-65,,,9,1,4,4,
5,plot,"Ithaca, NY - McGowan",Cornell_WinterOatPeaIntercrop_2024_Ithaca,112,Cornell_WinterOatPeaIntercrop_2024_Ithaca-PLOT_112,NO_OATS_PLANTED,,,8,1,4,4,
6,plot,"Ithaca, NY - McGowan",Cornell_WinterOatPeaIntercrop_2024_Ithaca,85,Cornell_WinterOatPeaIntercrop_2024_Ithaca-PLOT_85,NC21-6576,,,7,1,4,4,
7,plot,"Ithaca, NY - McGowan",Cornell_WinterOatPeaIntercrop_2024_Ithaca,84,Cornell_WinterOatPeaIntercrop_2024_Ithaca-PLOT_84,NF13-4083-4_6,,,6,1,3,3,
8,plot,"Ithaca, NY - McGowan",Cornell_WinterOatPeaIntercrop_2024_Ithaca,57,Cornell_WinterOatPeaIntercrop_2024_Ithaca-PLOT_57,NO_OATS_PLANTED,,,5,1,3,3,
9,plot,"Ithaca, NY - McGowan",Cornell_WinterOatPeaIntercrop_2024_Ithaca,56,Cornell_WinterOatPeaIntercrop_2024_Ithaca-PLOT_56,HARRISON,,,4,1,3,3,
10,plot,"Ithaca, NY - McGowan",Cornell_WinterOatPeaIntercrop_2024_Ithaca,29,Cornell_WinterOatPeaIntercrop_2024_Ithaca-PLOT_29,FLLA17069-52,,,3,1,2,2,
11,plot,"Ithaca, NY - McGowan",Cornell_WinterOatPeaIntercrop_2024_Ithaca,28,Cornell_WinterOatPeaIntercrop_2024_Ithaca-PLOT_28,NF13-4214-4_5,,,2,1,2,2,
12,plot,"Ithaca, NY - McGowan",Cornell_WinterOatPeaIntercrop_2024_Ithaca,1,Cornell_WinterOatPeaIntercrop_2024_Ithaca-PLOT_1,NF01401B,,,1,1,2,2,
13,plot,"Ithaca, NY - McGowan",Cornell_WinterOatPeaIntercrop_2024_Ithaca,2,Cornell_WinterOatPeaIntercrop_2024_Ithaca-PLOT_2,NF01401B,,,1,2,2,2,
14,plot,"Ithaca, NY - McGowan",Cornell_WinterOatPeaIntercrop_2024_Ithaca,27,Cornell_WinterOatPeaIntercrop_2024_Ithaca-PLOT_27,NF13-4214-4_5,,,2,2,2,2,
15,plot,"Ithaca, NY - McGowan",Cornell_WinterOatPeaIntercrop_2024_Ithaca,30,Cornell_WinterOatPeaIntercrop_2024_Ithaca-PLOT_30,FLLA17069-52,,,3,2,2,2,
16,plot,"Ithaca, NY - McGowan",Cornell_WinterOatPeaIntercrop_2024_Ithaca,55,Cornell_WinterOatPeaIntercrop_2024_Ithaca-PLOT_55,HARRISON,,,4,2,3,3,
17,plot,"Ithaca, NY - McGowan",Cornell_WinterOatPeaIntercrop_2024_Ithaca,58,Cornell_WinterOatPeaIntercrop_2024_Ithaca-PLOT_58,NO_OATS_PLANTED,,,5,2,3,3,
18,plot,"Ithaca, NY - McGowan",Cornell_WinterOatPeaIntercrop_2024_Ithaca,83,Cornell_WinterOatPeaIntercrop_2024_Ithaca-PLOT_83,NF13-4083-4_6,,,6,2,3,3,
19,plot,"Ithaca, NY - McGowan",Cornell_WinterOatPeaIntercrop_2024_Ithaca,86,Cornell_WinterOatPeaIntercrop_2024_Ithaca-PLOT_86,NC21-6576,,,7,2,4,4,
20,plot,"Ithaca, NY - McGowan",Cornell_WinterOatPeaIntercrop_2024_Ithaca,111,Cornell_WinterOatPeaIntercrop_2024_Ithaca-PLOT_111,NO_OATS_PLANTED,,,8,2,4,4,
21,plot,"Ithaca, NY - McGowan",Cornell_WinterOatPeaIntercrop_2024_Ithaca,114,Cornell_WinterOatPeaIntercrop_2024_Ithaca-PLOT_114,FLLA17069-65,,,9,2,4,4,
22,plot,"Ithaca, NY - McGowan",Cornell_WinterOatPeaIntercrop_2024_Ithaca,139,Cornell_WinterOatPeaIntercrop_2024_Ithaca-PLOT_139,NO_OATS_PLANTED,,,10,2,5,5,
23,plot,"Ithaca, NY - McGowan",Cornell_WinterOatPeaIntercrop_2024_Ithaca,142,Cornell_WinterOatPeaIntercrop_2024_Ithaca-PLOT_142,NC20-4402,,,11,2,5,5,
24,plot,"Ithaca, NY - McGowan",Cornell_WinterOatPeaIntercrop_2024_Ithaca,167,Cornell_WinterOatPeaIntercrop_2024_Ithaca-PLOT_167,NF13-4153-4_2,,,12,2,5,5,
25,plot,"Ithaca, NY - McGowan",Cornell_WinterOatPeaIntercrop_2024_Ithaca,166,Cornell_WinterOatPeaIntercrop_2024_Ithaca-PLOT_166,LA17129SBSS-8-1,,,12,3,5,5,
26,plot,"Ithaca, NY - McGowan",Cornell_WinterOatPeaIntercrop_2024_Ithaca,143,Cornell_WinterOatPeaIntercrop_2024_Ithaca-PLOT_143,SCLA17080SBS-4-2,,,11,3,5,5,
27,plot,"Ithaca, NY - McGowan",Cornell_WinterOatPeaIntercrop_2024_Ithaca,138,Cornell_WinterOatPeaIntercrop_2024_Ithaca-PLOT_138,FLLA17069-54,,,10,3,5,5,
28,plot,"Ithaca, NY - McGowan",Cornell_WinterOatPeaIntercrop_2024_Ithaca,115,Cornell_WinterOatPeaIntercrop_2024_Ithaca-PLOT_115,NF13-4173-4_5,,,9,3,4,4,
29,plot,"Ithaca, NY - McGowan",Cornell_WinterOatPeaIntercrop_2024_Ithaca,110,Cornell_WinterOatPeaIntercrop_2024_Ithaca-PLOT_110,NF12AS-122-4_4,,,8,3,4,4,
30,plot,"Ithaca, NY - McGowan",Cornell_WinterOatPeaIntercrop_2024_Ithaca,87,Cornell_WinterOatPeaIntercrop_2024_Ithaca-PLOT_87,SCLA17018SBSS-45-1,,,7,3,4,4,
31,plot,"Ithaca, NY - McGowan",Cornell_WinterOatPeaIntercrop_2024_Ithaca,82,Cornell_WinterOatPeaIntercrop_2024_Ithaca-PLOT_82,NF13-4157-4_2,,,6,3,3,3,
32,plot,"Ithaca, NY - McGowan",Cornell_WinterOatPeaIntercrop_2024_Ithaca,59,Cornell_WinterOatPeaIntercrop_2024_Ithaca-PLOT_59,NO_OATS_PLANTED,,,5,3,3,3,
33,plot,"Ithaca, NY - McGowan",Cornell_WinterOatPeaIntercrop_2024_Ithaca,54,Cornell_WinterOatPeaIntercrop_2024_Ithaca-PLOT_54,PA7617-3658,,,4,3,3,3,
34,plot,"Ithaca, NY - McGowan",Cornell_WinterOatPeaIntercrop_2024_Ithaca,31,Cornell_WinterOatPeaIntercrop_2024_Ithaca-PLOT_31,NC20-4526,,,3,3,2,2,
35,plot,"Ithaca, NY - McGowan",Cornell_WinterOatPeaIntercrop_2024_Ithaca,26,Cornell_WinterOatPeaIntercrop_2024_Ithaca-PLOT_26,NF05424_2,,,2,3,2,2,
36,plot,"Ithaca, NY - McGowan",Cornell_WinterOatPeaIntercrop_2024_Ithaca,3,Cornell_WinterOatPeaIntercrop_2024_Ithaca-PLOT_3,NF502_5,,,1,3,2,2,
37,plot,"Ithaca, NY - McGowan",Cornell_WinterOatPeaIntercrop_2024_Ithaca,4,Cornell_WinterOatPeaIntercrop_2024_Ithaca-PLOT_4,NF502_5,,,1,4,2,2,
38,plot,"Ithaca, NY - McGowan",Cornell_WinterOatPeaIntercrop_2024_Ithaca,25,Cornell_WinterOatPeaIntercrop_2024_Ithaca-PLOT_25,NF05424_2,,,2,4,2,2,
39,plot,"Ithaca, NY - McGowan",Cornell_WinterOatPeaIntercrop_2024_Ithaca,32,Cornell_WinterOatPeaIntercrop_2024_Ithaca-PLOT_32,NC20-4526,,,3,4,2,2,
40,plot,"Ithaca, NY - McGowan",Cornell_WinterOatPeaIntercrop_2024_Ithaca,53,Cornell_WinterOatPeaIntercrop_2024_Ithaca-PLOT_53,PA7617-3658,,,4,4,3,3,
41,plot,"Ithaca, NY - McGowan",Cornell_WinterOatPeaIntercrop_2024_Ithaca,60,Cornell_WinterOatPeaIntercrop_2024_Ithaca-PLOT_60,NO_OATS_PLANTED,,,5,4,3,3,
42,plot,"Ithaca, NY - McGowan",Cornell_WinterOatPeaIntercrop_2024_Ithaca,81,Cornell_WinterOatPeaIntercrop_2024_Ithaca-PLOT_81,NF13-4157-4_2,,,6,4,3,3,
43,plot,"Ithaca, NY - McGowan",Cornell_WinterOatPeaIntercrop_2024_Ithaca,88,Cornell_WinterOatPeaIntercrop_2024_Ithaca-PLOT_88,SCLA17018SBSS-45-1,,,7,4,4,4,
44,plot,"Ithaca, NY - McGowan",Cornell_WinterOatPeaIntercrop_2024_Ithaca,109,Cornell_WinterOatPeaIntercrop_2024_Ithaca-PLOT_109,NF12AS-122-4_4,,,8,4,4,4,
45,plot,"Ithaca, NY - McGowan",Cornell_WinterOatPeaIntercrop_2024_Ithaca,116,Cornell_WinterOatPeaIntercrop_2024_Ithaca-PLOT_116,NF13-4173-4_5,,,9,4,4,4,
46,plot,"Ithaca, NY - McGowan",Cornell_WinterOatPeaIntercrop_2024_Ithaca,137,Cornell_WinterOatPeaIntercrop_2024_Ithaca-PLOT_137,FLLA17069-54,,,10,4,5,5,
47,plot,"Ithaca, NY - McGowan",Cornell_WinterOatPeaIntercrop_2024_Ithaca,144,Cornell_WinterOatPeaIntercrop_2024_Ithaca-PLOT_144,SCLA17080SBS-4-2,,,11,4,5,5,
48,plot,"Ithaca, NY - McGowan",Cornell_WinterOatPeaIntercrop_2024_Ithaca,165,Cornell_WinterOatPeaIntercrop_2024_Ithaca-PLOT_165,LA17129SBSS-8-1,,,12,4,5,5,
49,plot,"Ithaca, NY - McGowan",Cornell_WinterOatPeaIntercrop_2024_Ithaca,337,Cornell_WinterOatPeaIntercrop_2024_Ithaca-PLOT_337,NF13-4126-4_3,,,13,4,10,10,
50,plot,"Ithaca, NY - McGowan",Cornell_WinterOatPeaIntercrop_2024_Ithaca,338,Cornell_WinterOatPeaIntercrop_2024_Ithaca-PLOT_338,NF13-4126-4_3,,,13,5,10,10,
51,plot,"Ithaca, NY - McGowan",Cornell_WinterOatPeaIntercrop_2024_Ithaca,164,Cornell_WinterOatPeaIntercrop_2024_Ithaca-PLOT_164,NO_OATS_PLANTED,,,12,5,5,5,
52,plot,"Ithaca, NY - McGowan",Cornell_WinterOatPeaIntercrop_2024_Ithaca,145,Cornell_WinterOatPeaIntercrop_2024_Ithaca-PLOT_145,NF13-4126-4_3,,,11,5,5,5,
53,plot,"Ithaca, NY - McGowan",Cornell_WinterOatPeaIntercrop_2024_Ithaca,136,Cornell_WinterOatPeaIntercrop_2024_Ithaca-PLOT_136,NO_OATS_PLANTED,,,10,5,5,5,
54,plot,"Ithaca, NY - McGowan",Cornell_WinterOatPeaIntercrop_2024_Ithaca,117,Cornell_WinterOatPeaIntercrop_2024_Ithaca-PLOT_117,LA17153SBSS-46-1,,,9,5,4,4,
55,plot,"Ithaca, NY - McGowan",Cornell_WinterOatPeaIntercrop_2024_Ithaca,108,Cornell_WinterOatPeaIntercrop_2024_Ithaca-PLOT_108,NO_OATS_PLANTED,,,8,5,4,4,
56,plot,"Ithaca, NY - McGowan",Cornell_WinterOatPeaIntercrop_2024_Ithaca,89,Cornell_WinterOatPeaIntercrop_2024_Ithaca-PLOT_89,LA15015SB-S50,,,7,5,4,4,
57,plot,"Ithaca, NY - McGowan",Cornell_WinterOatPeaIntercrop_2024_Ithaca,80,Cornell_WinterOatPeaIntercrop_2024_Ithaca-PLOT_80,NO_OATS_PLANTED,,,6,5,3,3,
58,plot,"Ithaca, NY - McGowan",Cornell_WinterOatPeaIntercrop_2024_Ithaca,61,Cornell_WinterOatPeaIntercrop_2024_Ithaca-PLOT_61,NF13-4124-4_3,,,5,5,3,3,
59,plot,"Ithaca, NY - McGowan",Cornell_WinterOatPeaIntercrop_2024_Ithaca,52,Cornell_WinterOatPeaIntercrop_2024_Ithaca-PLOT_52,LA17089SBS-45-1-1,,,4,5,3,3,
60,plot,"Ithaca, NY - McGowan",Cornell_WinterOatPeaIntercrop_2024_Ithaca,33,Cornell_WinterOatPeaIntercrop_2024_Ithaca-PLOT_33,FLLA17069-53,,,3,5,2,2,
61,plot,"Ithaca, NY - McGowan",Cornell_WinterOatPeaIntercrop_2024_Ithaca,24,Cornell_WinterOatPeaIntercrop_2024_Ithaca-PLOT_24,AURORA,,,2,5,2,2,
62,plot,"Ithaca, NY - McGowan",Cornell_WinterOatPeaIntercrop_2024_Ithaca,5,Cornell_WinterOatPeaIntercrop_2024_Ithaca-PLOT_5,NC20-4452,,,1,5,2,2,
63,plot,"Ithaca, NY - McGowan",Cornell_WinterOatPeaIntercrop_2024_Ithaca,6,Cornell_WinterOatPeaIntercrop_2024_Ithaca-PLOT_6,NC20-4452,,,1,6,2,2,
64,plot,"Ithaca, NY - McGowan",Cornell_WinterOatPeaIntercrop_2024_Ithaca,23,Cornell_WinterOatPeaIntercrop_2024_Ithaca-PLOT_23,AURORA,,,2,6,2,2,
65,plot,"Ithaca, NY - McGowan",Cornell_WinterOatPeaIntercrop_2024_Ithaca,34,Cornell_WinterOatPeaIntercrop_2024_Ithaca-PLOT_34,FLLA17069-53,,,3,6,2,2,
66,plot,"Ithaca, NY - McGowan",Cornell_WinterOatPeaIntercrop_2024_Ithaca,51,Cornell_WinterOatPeaIntercrop_2024_Ithaca-PLOT_51,LA17089SBS-45-1-1,,,4,6,3,3,
67,plot,"Ithaca, NY - McGowan",Cornell_WinterOatPeaIntercrop_2024_Ithaca,62,Cornell_WinterOatPeaIntercrop_2024_Ithaca-PLOT_62,NF13-4124-4_3,,,5,6,3,3,
68,plot,"Ithaca, NY - McGowan",Cornell_WinterOatPeaIntercrop_2024_Ithaca,79,Cornell_WinterOatPeaIntercrop_2024_Ithaca-PLOT_79,NO_OATS_PLANTED,,,6,6,3,3,
69,plot,"Ithaca, NY - McGowan",Cornell_WinterOatPeaIntercrop_2024_Ithaca,90,Cornell_WinterOatPeaIntercrop_2024_Ithaca-PLOT_90,LA15015SB-S50,,,7,6,4,4,
70,plot,"Ithaca, NY - McGowan",Cornell_WinterOatPeaIntercrop_2024_Ithaca,107,Cornell_WinterOatPeaIntercrop_2024_Ithaca-PLOT_107,NO_OATS_PLANTED,,,8,6,4,4,
71,plot,"Ithaca, NY - McGowan",Cornell_WinterOatPeaIntercrop_2024_Ithaca,118,Cornell_WinterOatPeaIntercrop_2024_Ithaca-PLOT_118,LA17153SBSS-46-1,,,9,6,4,4,
72,plot,"Ithaca, NY - McGowan",Cornell_WinterOatPeaIntercrop_2024_Ithaca,135,Cornell_WinterOatPeaIntercrop_2024_Ithaca-PLOT_135,NO_OATS_PLANTED,,,10,6,5,5,
73,plot,"Ithaca, NY - McGowan",Cornell_WinterOatPeaIntercrop_2024_Ithaca,146,Cornell_WinterOatPeaIntercrop_2024_Ithaca-PLOT_146,NF13-4126-4_3,,,11,6,5,5,
74,plot,"Ithaca, NY - McGowan",Cornell_WinterOatPeaIntercrop_2024_Ithaca,163,Cornell_WinterOatPeaIntercrop_2024_Ithaca-PLOT_163,NO_OATS_PLANTED,,,12,6,5,5,
75,plot,"Ithaca, NY - McGowan",Cornell_WinterOatPeaIntercrop_2024_Ithaca,339,Cornell_WinterOatPeaIntercrop_2024_Ithaca-PLOT_339,FLLA17088-61,,,13,6,10,10,
76,plot,"Ithaca, NY - McGowan",Cornell_WinterOatPeaIntercrop_2024_Ithaca,378,Cornell_WinterOatPeaIntercrop_2024_Ithaca-PLOT_378,NF99414,,,14,6,10,10,
77,plot,"Ithaca, NY - McGowan",Cornell_WinterOatPeaIntercrop_2024_Ithaca,377,Cornell_WinterOatPeaIntercrop_2024_Ithaca-PLOT_377,NF99414,,,14,7,10,10,
78,plot,"Ithaca, NY - McGowan",Cornell_WinterOatPeaIntercrop_2024_Ithaca,340,Cornell_WinterOatPeaIntercrop_2024_Ithaca-PLOT_340,FLLA17088-61,,,13,7,10,10,
79,plot,"Ithaca, NY - McGowan",Cornell_WinterOatPeaIntercrop_2024_Ithaca,162,Cornell_WinterOatPeaIntercrop_2024_Ithaca-PLOT_162,NF12AS-108-4_1,,,12,7,5,5,
80,plot,"Ithaca, NY - McGowan",Cornell_WinterOatPeaIntercrop_2024_Ithaca,147,Cornell_WinterOatPeaIntercrop_2024_Ithaca-PLOT_147,NF12AS-122-4_3,,,11,7,5,5,
81,plot,"Ithaca, NY - McGowan",Cornell_WinterOatPeaIntercrop_2024_Ithaca,134,Cornell_WinterOatPeaIntercrop_2024_Ithaca-PLOT_134,NORA,,,10,7,5,5,
82,plot,"Ithaca, NY - McGowan",Cornell_WinterOatPeaIntercrop_2024_Ithaca,119,Cornell_WinterOatPeaIntercrop_2024_Ithaca-PLOT_119,LA99016,,,9,7,4,4,
83,plot,"Ithaca, NY - McGowan",Cornell_WinterOatPeaIntercrop_2024_Ithaca,106,Cornell_WinterOatPeaIntercrop_2024_Ithaca-PLOT_106,FLLA17069-53,,,8,7,4,4,
84,plot,"Ithaca, NY - McGowan",Cornell_WinterOatPeaIntercrop_2024_Ithaca,91,Cornell_WinterOatPeaIntercrop_2024_Ithaca-PLOT_91,NO_OATS_PLANTED,,,7,7,4,4,
85,plot,"Ithaca, NY - McGowan",Cornell_WinterOatPeaIntercrop_2024_Ithaca,78,Cornell_WinterOatPeaIntercrop_2024_Ithaca-PLOT_78,NC21-6475,,,6,7,3,3,
86,plot,"Ithaca, NY - McGowan",Cornell_WinterOatPeaIntercrop_2024_Ithaca,63,Cornell_WinterOatPeaIntercrop_2024_Ithaca-PLOT_63,NC21-6505,,,5,7,3,3,
87,plot,"Ithaca, NY - McGowan",Cornell_WinterOatPeaIntercrop_2024_Ithaca,50,Cornell_WinterOatPeaIntercrop_2024_Ithaca-PLOT_50,NC20-4551,,,4,7,3,3,
88,plot,"Ithaca, NY - McGowan",Cornell_WinterOatPeaIntercrop_2024_Ithaca,35,Cornell_WinterOatPeaIntercrop_2024_Ithaca-PLOT_35,SCLA17031SBSS-4-1,,,3,7,2,2,
89,plot,"Ithaca, NY - McGowan",Cornell_WinterOatPeaIntercrop_2024_Ithaca,22,Cornell_WinterOatPeaIntercrop_2024_Ithaca-PLOT_22,NF12AS-91-4_1,,,2,7,2,2,
90,plot,"Ithaca, NY - McGowan",Cornell_WinterOatPeaIntercrop_2024_Ithaca,7,Cornell_WinterOatPeaIntercrop_2024_Ithaca-PLOT_7,FLLA17088-77,,,1,7,2,2,
91,plot,"Ithaca, NY - McGowan",Cornell_WinterOatPeaIntercrop_2024_Ithaca,8,Cornell_WinterOatPeaIntercrop_2024_Ithaca-PLOT_8,FLLA17088-77,,,1,8,2,2,
92,plot,"Ithaca, NY - McGowan",Cornell_WinterOatPeaIntercrop_2024_Ithaca,21,Cornell_WinterOatPeaIntercrop_2024_Ithaca-PLOT_21,NF12AS-91-4_1,,,2,8,2,2,
93,plot,"Ithaca, NY - McGowan",Cornell_WinterOatPeaIntercrop_2024_Ithaca,36,Cornell_WinterOatPeaIntercrop_2024_Ithaca-PLOT_36,SCLA17031SBSS-4-1,,,3,8,2,2,
94,plot,"Ithaca, NY - McGowan",Cornell_WinterOatPeaIntercrop_2024_Ithaca,49,Cornell_WinterOatPeaIntercrop_2024_Ithaca-PLOT_49,NC20-4551,,,4,8,3,3,
95,plot,"Ithaca, NY - McGowan",Cornell_WinterOatPeaIntercrop_2024_Ithaca,64,Cornell_WinterOatPeaIntercrop_2024_Ithaca-PLOT_64,NC21-6505,,,5,8,3,3,
96,plot,"Ithaca, NY - McGowan",Cornell_WinterOatPeaIntercrop_2024_Ithaca,77,Cornell_WinterOatPeaIntercrop_2024_Ithaca-PLOT_77,NC21-6475,,,6,8,3,3,
97,plot,"Ithaca, NY - McGowan",Cornell_WinterOatPeaIntercrop_2024_Ithaca,92,Cornell_WinterOatPeaIntercrop_2024_Ithaca-PLOT_92,NO_OATS_PLANTED,,,7,8,4,4,
98,plot,"Ithaca, NY - McGowan",Cornell_WinterOatPeaIntercrop_2024_Ithaca,105,Cornell_WinterOatPeaIntercrop_2024_Ithaca-PLOT_105,FLLA17069-53,,,8,8,4,4,
99,plot,"Ithaca, NY - McGowan",Cornell_WinterOatPeaIntercrop_2024_Ithaca,120,Cornell_WinterOatPeaIntercrop_2024_Ithaca-PLOT_120,LA99016,,,9,8,4,4,
100,plot,"Ithaca, NY - McGowan",Cornell_WinterOatPeaIntercrop_2024_Ithaca,133,Cornell_WinterOatPeaIntercrop_2024_Ithaca-PLOT_133,NORA,,,10,8,5,5,
101,plot,"Ithaca, NY - McGowan",Cornell_WinterOatPeaIntercrop_2024_Ithaca,148,Cornell_WinterOatPeaIntercrop_2024_Ithaca-PLOT_148,NF12AS-122-4_3,,,11,8,5,5,
102,plot,"Ithaca, NY - McGowan",Cornell_WinterOatPeaIntercrop_2024_Ithaca,161,Cornell_WinterOatPeaIntercrop_2024_Ithaca-PLOT_161,NF12AS-108-4_1,,,12,8,5,5,
103,plot,"Ithaca, NY - McGowan",Cornell_WinterOatPeaIntercrop_2024_Ithaca,341,Cornell_WinterOatPeaIntercrop_2024_Ithaca-PLOT_341,NF13-4173-4_5,,,13,8,10,10,
104,plot,"Ithaca, NY - McGowan",Cornell_WinterOatPeaIntercrop_2024_Ithaca,376,Cornell_WinterOatPeaIntercrop_2024_Ithaca-PLOT_376,NF12AS-108-4_1,,,14,8,10,10,
105,plot,"Ithaca, NY - McGowan",Cornell_WinterOatPeaIntercrop_2024_Ithaca,375,Cornell_WinterOatPeaIntercrop_2024_Ithaca-PLOT_375,NF12AS-108-4_1,,,14,9,10,10,
106,plot,"Ithaca, NY - McGowan",Cornell_WinterOatPeaIntercrop_2024_Ithaca,342,Cornell_WinterOatPeaIntercrop_2024_Ithaca-PLOT_342,NF13-4173-4_5,,,13,9,10,10,
107,plot,"Ithaca, NY - McGowan",Cornell_WinterOatPeaIntercrop_2024_Ithaca,160,Cornell_WinterOatPeaIntercrop_2024_Ithaca-PLOT_160,NF01404A,,,12,9,5,5,
108,plot,"Ithaca, NY - McGowan",Cornell_WinterOatPeaIntercrop_2024_Ithaca,149,Cornell_WinterOatPeaIntercrop_2024_Ithaca-PLOT_149,NC09-4503N,,,11,9,5,5,
109,plot,"Ithaca, NY - McGowan",Cornell_WinterOatPeaIntercrop_2024_Ithaca,132,Cornell_WinterOatPeaIntercrop_2024_Ithaca-PLOT_132,NO_OATS_PLANTED,,,10,9,5,5,
110,plot,"Ithaca, NY - McGowan",Cornell_WinterOatPeaIntercrop_2024_Ithaca,121,Cornell_WinterOatPeaIntercrop_2024_Ithaca-PLOT_121,HARRISON,,,9,9,4,4,
111,plot,"Ithaca, NY - McGowan",Cornell_WinterOatPeaIntercrop_2024_Ithaca,104,Cornell_WinterOatPeaIntercrop_2024_Ithaca-PLOT_104,NO_OATS_PLANTED,,,8,9,4,4,
112,plot,"Ithaca, NY - McGowan",Cornell_WinterOatPeaIntercrop_2024_Ithaca,93,Cornell_WinterOatPeaIntercrop_2024_Ithaca-PLOT_93,TX19CAS0058,,,7,9,4,4,
113,plot,"Ithaca, NY - McGowan",Cornell_WinterOatPeaIntercrop_2024_Ithaca,76,Cornell_WinterOatPeaIntercrop_2024_Ithaca-PLOT_76,TX18OCS9104,,,6,9,3,3,
114,plot,"Ithaca, NY - McGowan",Cornell_WinterOatPeaIntercrop_2024_Ithaca,65,Cornell_WinterOatPeaIntercrop_2024_Ithaca-PLOT_65,NC21-6497,,,5,9,3,3,
115,plot,"Ithaca, NY - McGowan",Cornell_WinterOatPeaIntercrop_2024_Ithaca,48,Cornell_WinterOatPeaIntercrop_2024_Ithaca-PLOT_48,FLLA17088-77,,,4,9,3,3,
116,plot,"Ithaca, NY - McGowan",Cornell_WinterOatPeaIntercrop_2024_Ithaca,37,Cornell_WinterOatPeaIntercrop_2024_Ithaca-PLOT_37,TX18OCS9104,,,3,9,2,2,
117,plot,"Ithaca, NY - McGowan",Cornell_WinterOatPeaIntercrop_2024_Ithaca,20,Cornell_WinterOatPeaIntercrop_2024_Ithaca-PLOT_20,Clav 6982,,,2,9,2,2,
118,plot,"Ithaca, NY - McGowan",Cornell_WinterOatPeaIntercrop_2024_Ithaca,9,Cornell_WinterOatPeaIntercrop_2024_Ithaca-PLOT_9,TX18OCS9125,,,1,9,2,2,
119,plot,"Ithaca, NY - McGowan",Cornell_WinterOatPeaIntercrop_2024_Ithaca,10,Cornell_WinterOatPeaIntercrop_2024_Ithaca-PLOT_10,TX18OCS9125,,,1,10,2,2,
120,plot,"Ithaca, NY - McGowan",Cornell_WinterOatPeaIntercrop_2024_Ithaca,19,Cornell_WinterOatPeaIntercrop_2024_Ithaca-PLOT_19,Clav 6982,,,2,10,2,2,
121,plot,"Ithaca, NY - McGowan",Cornell_WinterOatPeaIntercrop_2024_Ithaca,38,Cornell_WinterOatPeaIntercrop_2024_Ithaca-PLOT_38,TX18OCS9104,,,3,10,2,2,
122,plot,"Ithaca, NY - McGowan",Cornell_WinterOatPeaIntercrop_2024_Ithaca,47,Cornell_WinterOatPeaIntercrop_2024_Ithaca-PLOT_47,FLLA17088-77,,,4,10,3,3,
123,plot,"Ithaca, NY - McGowan",Cornell_WinterOatPeaIntercrop_2024_Ithaca,66,Cornell_WinterOatPeaIntercrop_2024_Ithaca-PLOT_66,NC21-6497,,,5,10,3,3,
124,plot,"Ithaca, NY - McGowan",Cornell_WinterOatPeaIntercrop_2024_Ithaca,75,Cornell_WinterOatPeaIntercrop_2024_Ithaca-PLOT_75,TX18OCS9104,,,6,10,3,3,
125,plot,"Ithaca, NY - McGowan",Cornell_WinterOatPeaIntercrop_2024_Ithaca,94,Cornell_WinterOatPeaIntercrop_2024_Ithaca-PLOT_94,TX19CAS0058,,,7,10,4,4,
126,plot,"Ithaca, NY - McGowan",Cornell_WinterOatPeaIntercrop_2024_Ithaca,103,Cornell_WinterOatPeaIntercrop_2024_Ithaca-PLOT_103,NO_OATS_PLANTED,,,8,10,4,4,
127,plot,"Ithaca, NY - McGowan",Cornell_WinterOatPeaIntercrop_2024_Ithaca,122,Cornell_WinterOatPeaIntercrop_2024_Ithaca-PLOT_122,HARRISON,,,9,10,4,4,
128,plot,"Ithaca, NY - McGowan",Cornell_WinterOatPeaIntercrop_2024_Ithaca,131,Cornell_WinterOatPeaIntercrop_2024_Ithaca-PLOT_131,NO_OATS_PLANTED,,,10,10,5,5,
129,plot,"Ithaca, NY - McGowan",Cornell_WinterOatPeaIntercrop_2024_Ithaca,150,Cornell_WinterOatPeaIntercrop_2024_Ithaca-PLOT_150,NC09-4503N,,,11,10,5,5,
130,plot,"Ithaca, NY - McGowan",Cornell_WinterOatPeaIntercrop_2024_Ithaca,159,Cornell_WinterOatPeaIntercrop_2024_Ithaca-PLOT_159,NF01404A,,,12,10,5,5,
131,plot,"Ithaca, NY - McGowan",Cornell_WinterOatPeaIntercrop_2024_Ithaca,343,Cornell_WinterOatPeaIntercrop_2024_Ithaca-PLOT_343,NF12AS-108-4_4,,,13,10,10,10,
132,plot,"Ithaca, NY - McGowan",Cornell_WinterOatPeaIntercrop_2024_Ithaca,374,Cornell_WinterOatPeaIntercrop_2024_Ithaca-PLOT_374,TX18OCS9125,,,14,10,10,10,
133,plot,"Ithaca, NY - McGowan",Cornell_WinterOatPeaIntercrop_2024_Ithaca,373,Cornell_WinterOatPeaIntercrop_2024_Ithaca-PLOT_373,TX18OCS9125,,,14,11,10,10,
134,plot,"Ithaca, NY - McGowan",Cornell_WinterOatPeaIntercrop_2024_Ithaca,344,Cornell_WinterOatPeaIntercrop_2024_Ithaca-PLOT_344,NF12AS-108-4_4,,,13,11,10,10,
135,plot,"Ithaca, NY - McGowan",Cornell_WinterOatPeaIntercrop_2024_Ithaca,158,Cornell_WinterOatPeaIntercrop_2024_Ithaca-PLOT_158,TX19CAS0057,,,12,11,5,5,
136,plot,"Ithaca, NY - McGowan",Cornell_WinterOatPeaIntercrop_2024_Ithaca,151,Cornell_WinterOatPeaIntercrop_2024_Ithaca-PLOT_151,NF13-4124-4_8,,,11,11,5,5,
137,plot,"Ithaca, NY - McGowan",Cornell_WinterOatPeaIntercrop_2024_Ithaca,130,Cornell_WinterOatPeaIntercrop_2024_Ithaca-PLOT_130,NC20-4526,,,10,11,5,5,
138,plot,"Ithaca, NY - McGowan",Cornell_WinterOatPeaIntercrop_2024_Ithaca,123,Cornell_WinterOatPeaIntercrop_2024_Ithaca-PLOT_123,Clav 7618,,,9,11,4,4,
139,plot,"Ithaca, NY - McGowan",Cornell_WinterOatPeaIntercrop_2024_Ithaca,102,Cornell_WinterOatPeaIntercrop_2024_Ithaca-PLOT_102,FLLA17069-54,,,8,11,4,4,
140,plot,"Ithaca, NY - McGowan",Cornell_WinterOatPeaIntercrop_2024_Ithaca,95,Cornell_WinterOatPeaIntercrop_2024_Ithaca-PLOT_95,NF99401_1-1,,,7,11,4,4,
141,plot,"Ithaca, NY - McGowan",Cornell_WinterOatPeaIntercrop_2024_Ithaca,74,Cornell_WinterOatPeaIntercrop_2024_Ithaca-PLOT_74,FLLA17069-65,,,6,11,3,3,
142,plot,"Ithaca, NY - McGowan",Cornell_WinterOatPeaIntercrop_2024_Ithaca,67,Cornell_WinterOatPeaIntercrop_2024_Ithaca-PLOT_67,NF12AS-122-4_3,,,5,11,3,3,
143,plot,"Ithaca, NY - McGowan",Cornell_WinterOatPeaIntercrop_2024_Ithaca,46,Cornell_WinterOatPeaIntercrop_2024_Ithaca-PLOT_46,NC19-3542,,,4,11,3,3,
144,plot,"Ithaca, NY - McGowan",Cornell_WinterOatPeaIntercrop_2024_Ithaca,39,Cornell_WinterOatPeaIntercrop_2024_Ithaca-PLOT_39,LA08039SBSBS-56-A1,,,3,11,2,2,
145,plot,"Ithaca, NY - McGowan",Cornell_WinterOatPeaIntercrop_2024_Ithaca,18,Cornell_WinterOatPeaIntercrop_2024_Ithaca-PLOT_18,NO_OATS_PLANTED,,,2,11,2,2,
146,plot,"Ithaca, NY - McGowan",Cornell_WinterOatPeaIntercrop_2024_Ithaca,11,Cornell_WinterOatPeaIntercrop_2024_Ithaca-PLOT_11,NO_OATS_PLANTED,,,1,11,2,2,
147,plot,"Ithaca, NY - McGowan",Cornell_WinterOatPeaIntercrop_2024_Ithaca,12,Cornell_WinterOatPeaIntercrop_2024_Ithaca-PLOT_12,NO_OATS_PLANTED,,,1,12,2,2,
148,plot,"Ithaca, NY - McGowan",Cornell_WinterOatPeaIntercrop_2024_Ithaca,17,Cornell_WinterOatPeaIntercrop_2024_Ithaca-PLOT_17,NO_OATS_PLANTED,,,2,12,2,2,
149,plot,"Ithaca, NY - McGowan",Cornell_WinterOatPeaIntercrop_2024_Ithaca,40,Cornell_WinterOatPeaIntercrop_2024_Ithaca-PLOT_40,LA08039SBSBS-56-A1,,,3,12,2,2,
150,plot,"Ithaca, NY - McGowan",Cornell_WinterOatPeaIntercrop_2024_Ithaca,45,Cornell_WinterOatPeaIntercrop_2024_Ithaca-PLOT_45,NC19-3542,,,4,12,3,3,
151,plot,"Ithaca, NY - McGowan",Cornell_WinterOatPeaIntercrop_2024_Ithaca,68,Cornell_WinterOatPeaIntercrop_2024_Ithaca-PLOT_68,NF12AS-122-4_3,,,5,12,3,3,
152,plot,"Ithaca, NY - McGowan",Cornell_WinterOatPeaIntercrop_2024_Ithaca,73,Cornell_WinterOatPeaIntercrop_2024_Ithaca-PLOT_73,FLLA17069-65,,,6,12,3,3,
153,plot,"Ithaca, NY - McGowan",Cornell_WinterOatPeaIntercrop_2024_Ithaca,96,Cornell_WinterOatPeaIntercrop_2024_Ithaca-PLOT_96,NF99401_1-1,,,7,12,4,4,
154,plot,"Ithaca, NY - McGowan",Cornell_WinterOatPeaIntercrop_2024_Ithaca,101,Cornell_WinterOatPeaIntercrop_2024_Ithaca-PLOT_101,FLLA17069-54,,,8,12,4,4,
155,plot,"Ithaca, NY - McGowan",Cornell_WinterOatPeaIntercrop_2024_Ithaca,124,Cornell_WinterOatPeaIntercrop_2024_Ithaca-PLOT_124,Clav 7618,,,9,12,4,4,
156,plot,"Ithaca, NY - McGowan",Cornell_WinterOatPeaIntercrop_2024_Ithaca,129,Cornell_WinterOatPeaIntercrop_2024_Ithaca-PLOT_129,NC20-4526,,,10,12,5,5,
157,plot,"Ithaca, NY - McGowan",Cornell_WinterOatPeaIntercrop_2024_Ithaca,152,Cornell_WinterOatPeaIntercrop_2024_Ithaca-PLOT_152,NF13-4124-4_8,,,11,12,5,5,
158,plot,"Ithaca, NY - McGowan",Cornell_WinterOatPeaIntercrop_2024_Ithaca,157,Cornell_WinterOatPeaIntercrop_2024_Ithaca-PLOT_157,TX19CAS0057,,,12,12,5,5,
159,plot,"Ithaca, NY - McGowan",Cornell_WinterOatPeaIntercrop_2024_Ithaca,345,Cornell_WinterOatPeaIntercrop_2024_Ithaca-PLOT_345,NF13-4083-4_6,,,13,12,10,10,
160,plot,"Ithaca, NY - McGowan",Cornell_WinterOatPeaIntercrop_2024_Ithaca,372,Cornell_WinterOatPeaIntercrop_2024_Ithaca-PLOT_372,NF97405B2,,,14,12,10,10,
161,plot,"Ithaca, NY - McGowan",Cornell_WinterOatPeaIntercrop_2024_Ithaca,371,Cornell_WinterOatPeaIntercrop_2024_Ithaca-PLOT_371,NF97405B2,,,14,13,10,10,
162,plot,"Ithaca, NY - McGowan",Cornell_WinterOatPeaIntercrop_2024_Ithaca,346,Cornell_WinterOatPeaIntercrop_2024_Ithaca-PLOT_346,NF13-4083-4_6,,,13,13,10,10,
163,plot,"Ithaca, NY - McGowan",Cornell_WinterOatPeaIntercrop_2024_Ithaca,156,Cornell_WinterOatPeaIntercrop_2024_Ithaca-PLOT_156,NF13-4214-4_1,,,12,13,5,5,
164,plot,"Ithaca, NY - McGowan",Cornell_WinterOatPeaIntercrop_2024_Ithaca,153,Cornell_WinterOatPeaIntercrop_2024_Ithaca-PLOT_153,NF12AS-122-4_4,,,11,13,5,5,
165,plot,"Ithaca, NY - McGowan",Cornell_WinterOatPeaIntercrop_2024_Ithaca,128,Cornell_WinterOatPeaIntercrop_2024_Ithaca-PLOT_128,NC21-6492,,,10,13,5,5,
166,plot,"Ithaca, NY - McGowan",Cornell_WinterOatPeaIntercrop_2024_Ithaca,125,Cornell_WinterOatPeaIntercrop_2024_Ithaca-PLOT_125,Horizon 578,,,9,13,4,4,
167,plot,"Ithaca, NY - McGowan",Cornell_WinterOatPeaIntercrop_2024_Ithaca,100,Cornell_WinterOatPeaIntercrop_2024_Ithaca-PLOT_100,NC21-6610,,,8,13,4,4,
168,plot,"Ithaca, NY - McGowan",Cornell_WinterOatPeaIntercrop_2024_Ithaca,97,Cornell_WinterOatPeaIntercrop_2024_Ithaca-PLOT_97,NC20-4452,,,7,13,4,4,
169,plot,"Ithaca, NY - McGowan",Cornell_WinterOatPeaIntercrop_2024_Ithaca,72,Cornell_WinterOatPeaIntercrop_2024_Ithaca-PLOT_72,TX18OCS9100,,,6,13,3,3,
170,plot,"Ithaca, NY - McGowan",Cornell_WinterOatPeaIntercrop_2024_Ithaca,69,Cornell_WinterOatPeaIntercrop_2024_Ithaca-PLOT_69,Gerard 227,,,5,13,3,3,
171,plot,"Ithaca, NY - McGowan",Cornell_WinterOatPeaIntercrop_2024_Ithaca,44,Cornell_WinterOatPeaIntercrop_2024_Ithaca-PLOT_44,Savage,,,4,13,3,3,
172,plot,"Ithaca, NY - McGowan",Cornell_WinterOatPeaIntercrop_2024_Ithaca,41,Cornell_WinterOatPeaIntercrop_2024_Ithaca-PLOT_41,NO_OATS_PLANTED,,,3,13,2,2,
173,plot,"Ithaca, NY - McGowan",Cornell_WinterOatPeaIntercrop_2024_Ithaca,16,Cornell_WinterOatPeaIntercrop_2024_Ithaca-PLOT_16,NC21-6429,,,2,13,2,2,
174,plot,"Ithaca, NY - McGowan",Cornell_WinterOatPeaIntercrop_2024_Ithaca,13,Cornell_WinterOatPeaIntercrop_2024_Ithaca-PLOT_13,OKAY,,,1,13,2,2,
175,plot,"Ithaca, NY - McGowan",Cornell_WinterOatPeaIntercrop_2024_Ithaca,14,Cornell_WinterOatPeaIntercrop_2024_Ithaca-PLOT_14,OKAY,,,1,14,2,2,
176,plot,"Ithaca, NY - McGowan",Cornell_WinterOatPeaIntercrop_2024_Ithaca,15,Cornell_WinterOatPeaIntercrop_2024_Ithaca-PLOT_15,NC21-6429,,,2,14,2,2,
177,plot,"Ithaca, NY - McGowan",Cornell_WinterOatPeaIntercrop_2024_Ithaca,42,Cornell_WinterOatPeaIntercrop_2024_Ithaca-PLOT_42,NO_OATS_PLANTED,,,3,14,2,2,
178,plot,"Ithaca, NY - McGowan",Cornell_WinterOatPeaIntercrop_2024_Ithaca,43,Cornell_WinterOatPeaIntercrop_2024_Ithaca-PLOT_43,Savage,,,4,14,3,3,
179,plot,"Ithaca, NY - McGowan",Cornell_WinterOatPeaIntercrop_2024_Ithaca,70,Cornell_WinterOatPeaIntercrop_2024_Ithaca-PLOT_70,Gerard 227,,,5,14,3,3,
180,plot,"Ithaca, NY - McGowan",Cornell_WinterOatPeaIntercrop_2024_Ithaca,71,Cornell_WinterOatPeaIntercrop_2024_Ithaca-PLOT_71,TX18OCS9100,,,6,14,3,3,
181,plot,"Ithaca, NY - McGowan",Cornell_WinterOatPeaIntercrop_2024_Ithaca,98,Cornell_WinterOatPeaIntercrop_2024_Ithaca-PLOT_98,NC20-4452,,,7,14,4,4,
182,plot,"Ithaca, NY - McGowan",Cornell_WinterOatPeaIntercrop_2024_Ithaca,99,Cornell_WinterOatPeaIntercrop_2024_Ithaca-PLOT_99,NC21-6610,,,8,14,4,4,
183,plot,"Ithaca, NY - McGowan",Cornell_WinterOatPeaIntercrop_2024_Ithaca,126,Cornell_WinterOatPeaIntercrop_2024_Ithaca-PLOT_126,Horizon 578,,,9,14,4,4,
184,plot,"Ithaca, NY - McGowan",Cornell_WinterOatPeaIntercrop_2024_Ithaca,127,Cornell_WinterOatPeaIntercrop_2024_Ithaca-PLOT_127,NC21-6492,,,10,14,5,5,
185,plot,"Ithaca, NY - McGowan",Cornell_WinterOatPeaIntercrop_2024_Ithaca,154,Cornell_WinterOatPeaIntercrop_2024_Ithaca-PLOT_154,NF12AS-122-4_4,,,11,14,5,5,
186,plot,"Ithaca, NY - McGowan",Cornell_WinterOatPeaIntercrop_2024_Ithaca,155,Cornell_WinterOatPeaIntercrop_2024_Ithaca-PLOT_155,NF13-4214-4_1,,,12,14,5,5,
187,plot,"Ithaca, NY - McGowan",Cornell_WinterOatPeaIntercrop_2024_Ithaca,347,Cornell_WinterOatPeaIntercrop_2024_Ithaca-PLOT_347,NC20-4795,,,13,14,10,10,
188,plot,"Ithaca, NY - McGowan",Cornell_WinterOatPeaIntercrop_2024_Ithaca,370,Cornell_WinterOatPeaIntercrop_2024_Ithaca-PLOT_370,NF13-4173-4_4,,,14,14,10,10,
189,plot,"Ithaca, NY - McGowan",Cornell_WinterOatPeaIntercrop_2024_Ithaca,369,Cornell_WinterOatPeaIntercrop_2024_Ithaca-PLOT_369,NF13-4173-4_4,,,14,15,10,10,
190,plot,"Ithaca, NY - McGowan",Cornell_WinterOatPeaIntercrop_2024_Ithaca,348,Cornell_WinterOatPeaIntercrop_2024_Ithaca-PLOT_348,NC20-4795,,,13,15,10,10,
191,plot,"Ithaca, NY - McGowan",Cornell_WinterOatPeaIntercrop_2024_Ithaca,336,Cornell_WinterOatPeaIntercrop_2024_Ithaca-PLOT_336,Savage,,,12,15,9,9,
192,plot,"Ithaca, NY - McGowan",Cornell_WinterOatPeaIntercrop_2024_Ithaca,309,Cornell_WinterOatPeaIntercrop_2024_Ithaca-PLOT_309,SCLA17018SBSS-45-1,,,11,15,9,9,
193,plot,"Ithaca, NY - McGowan",Cornell_WinterOatPeaIntercrop_2024_Ithaca,308,Cornell_WinterOatPeaIntercrop_2024_Ithaca-PLOT_308,SCLA17031SBSS-4-1,,,10,15,9,9,
194,plot,"Ithaca, NY - McGowan",Cornell_WinterOatPeaIntercrop_2024_Ithaca,281,Cornell_WinterOatPeaIntercrop_2024_Ithaca-PLOT_281,Horizon 578,,,9,15,8,8,
195,plot,"Ithaca, NY - McGowan",Cornell_WinterOatPeaIntercrop_2024_Ithaca,280,Cornell_WinterOatPeaIntercrop_2024_Ithaca-PLOT_280,TX19CAS0058,,,8,15,8,8,
196,plot,"Ithaca, NY - McGowan",Cornell_WinterOatPeaIntercrop_2024_Ithaca,253,Cornell_WinterOatPeaIntercrop_2024_Ithaca-PLOT_253,NF12AS-91-4_1,,,7,15,8,8,
197,plot,"Ithaca, NY - McGowan",Cornell_WinterOatPeaIntercrop_2024_Ithaca,252,Cornell_WinterOatPeaIntercrop_2024_Ithaca-PLOT_252,NF12AS-108-4_4,,,6,15,7,7,
198,plot,"Ithaca, NY - McGowan",Cornell_WinterOatPeaIntercrop_2024_Ithaca,225,Cornell_WinterOatPeaIntercrop_2024_Ithaca-PLOT_225,LA15015SB-S50,,,5,15,7,7,
199,plot,"Ithaca, NY - McGowan",Cornell_WinterOatPeaIntercrop_2024_Ithaca,224,Cornell_WinterOatPeaIntercrop_2024_Ithaca-PLOT_224,LA17089SBS-45-1-1,,,4,15,7,7,
200,plot,"Ithaca, NY - McGowan",Cornell_WinterOatPeaIntercrop_2024_Ithaca,197,Cornell_WinterOatPeaIntercrop_2024_Ithaca-PLOT_197,NF12AS-107-4_2-1,,,3,15,6,6,
201,plot,"Ithaca, NY - McGowan",Cornell_WinterOatPeaIntercrop_2024_Ithaca,196,Cornell_WinterOatPeaIntercrop_2024_Ithaca-PLOT_196,LA17069SBSS-2-1,,,2,15,6,6,
202,plot,"Ithaca, NY - McGowan",Cornell_WinterOatPeaIntercrop_2024_Ithaca,169,Cornell_WinterOatPeaIntercrop_2024_Ithaca-PLOT_169,NF13-4214-4_5,,,1,15,6,6,
203,plot,"Ithaca, NY - McGowan",Cornell_WinterOatPeaIntercrop_2024_Ithaca,170,Cornell_WinterOatPeaIntercrop_2024_Ithaca-PLOT_170,NF13-4214-4_5,,,1,16,6,6,
204,plot,"Ithaca, NY - McGowan",Cornell_WinterOatPeaIntercrop_2024_Ithaca,195,Cornell_WinterOatPeaIntercrop_2024_Ithaca-PLOT_195,LA17069SBSS-2-1,,,2,16,6,6,
205,plot,"Ithaca, NY - McGowan",Cornell_WinterOatPeaIntercrop_2024_Ithaca,198,Cornell_WinterOatPeaIntercrop_2024_Ithaca-PLOT_198,NF12AS-107-4_2-1,,,3,16,6,6,
206,plot,"Ithaca, NY - McGowan",Cornell_WinterOatPeaIntercrop_2024_Ithaca,223,Cornell_WinterOatPeaIntercrop_2024_Ithaca-PLOT_223,LA17089SBS-45-1-1,,,4,16,7,7,
207,plot,"Ithaca, NY - McGowan",Cornell_WinterOatPeaIntercrop_2024_Ithaca,226,Cornell_WinterOatPeaIntercrop_2024_Ithaca-PLOT_226,LA15015SB-S50,,,5,16,7,7,
208,plot,"Ithaca, NY - McGowan",Cornell_WinterOatPeaIntercrop_2024_Ithaca,251,Cornell_WinterOatPeaIntercrop_2024_Ithaca-PLOT_251,NF12AS-108-4_4,,,6,16,7,7,
209,plot,"Ithaca, NY - McGowan",Cornell_WinterOatPeaIntercrop_2024_Ithaca,254,Cornell_WinterOatPeaIntercrop_2024_Ithaca-PLOT_254,NF12AS-91-4_1,,,7,16,8,8,
210,plot,"Ithaca, NY - McGowan",Cornell_WinterOatPeaIntercrop_2024_Ithaca,279,Cornell_WinterOatPeaIntercrop_2024_Ithaca-PLOT_279,TX19CAS0058,,,8,16,8,8,
211,plot,"Ithaca, NY - McGowan",Cornell_WinterOatPeaIntercrop_2024_Ithaca,282,Cornell_WinterOatPeaIntercrop_2024_Ithaca-PLOT_282,Horizon 578,,,9,16,8,8,
212,plot,"Ithaca, NY - McGowan",Cornell_WinterOatPeaIntercrop_2024_Ithaca,307,Cornell_WinterOatPeaIntercrop_2024_Ithaca-PLOT_307,SCLA17031SBSS-4-1,,,10,16,9,9,
213,plot,"Ithaca, NY - McGowan",Cornell_WinterOatPeaIntercrop_2024_Ithaca,310,Cornell_WinterOatPeaIntercrop_2024_Ithaca-PLOT_310,SCLA17018SBSS-45-1,,,11,16,9,9,
214,plot,"Ithaca, NY - McGowan",Cornell_WinterOatPeaIntercrop_2024_Ithaca,335,Cornell_WinterOatPeaIntercrop_2024_Ithaca-PLOT_335,Savage,,,12,16,9,9,
215,plot,"Ithaca, NY - McGowan",Cornell_WinterOatPeaIntercrop_2024_Ithaca,349,Cornell_WinterOatPeaIntercrop_2024_Ithaca-PLOT_349,NF13-4124-4_3,,,13,16,10,10,
216,plot,"Ithaca, NY - McGowan",Cornell_WinterOatPeaIntercrop_2024_Ithaca,368,Cornell_WinterOatPeaIntercrop_2024_Ithaca-PLOT_368,NC21-6511,,,14,16,10,10,
217,plot,"Ithaca, NY - McGowan",Cornell_WinterOatPeaIntercrop_2024_Ithaca,367,Cornell_WinterOatPeaIntercrop_2024_Ithaca-PLOT_367,NC21-6511,,,14,17,10,10,
218,plot,"Ithaca, NY - McGowan",Cornell_WinterOatPeaIntercrop_2024_Ithaca,350,Cornell_WinterOatPeaIntercrop_2024_Ithaca-PLOT_350,NF13-4124-4_3,,,13,17,10,10,
219,plot,"Ithaca, NY - McGowan",Cornell_WinterOatPeaIntercrop_2024_Ithaca,334,Cornell_WinterOatPeaIntercrop_2024_Ithaca-PLOT_334,NF13-4157-4_2,,,12,17,9,9,
220,plot,"Ithaca, NY - McGowan",Cornell_WinterOatPeaIntercrop_2024_Ithaca,311,Cornell_WinterOatPeaIntercrop_2024_Ithaca-PLOT_311,NO_OATS_PLANTED,,,11,17,9,9,
221,plot,"Ithaca, NY - McGowan",Cornell_WinterOatPeaIntercrop_2024_Ithaca,306,Cornell_WinterOatPeaIntercrop_2024_Ithaca-PLOT_306,NC17-6440,,,10,17,9,9,
222,plot,"Ithaca, NY - McGowan",Cornell_WinterOatPeaIntercrop_2024_Ithaca,283,Cornell_WinterOatPeaIntercrop_2024_Ithaca-PLOT_283,NF97405-1,,,9,17,8,8,
223,plot,"Ithaca, NY - McGowan",Cornell_WinterOatPeaIntercrop_2024_Ithaca,278,Cornell_WinterOatPeaIntercrop_2024_Ithaca-PLOT_278,NO_OATS_PLANTED,,,8,17,8,8,
224,plot,"Ithaca, NY - McGowan",Cornell_WinterOatPeaIntercrop_2024_Ithaca,255,Cornell_WinterOatPeaIntercrop_2024_Ithaca-PLOT_255,NF12AS-100-4_2,,,7,17,8,8,
225,plot,"Ithaca, NY - McGowan",Cornell_WinterOatPeaIntercrop_2024_Ithaca,250,Cornell_WinterOatPeaIntercrop_2024_Ithaca-PLOT_250,Gerard 227,,,6,17,7,7,
226,plot,"Ithaca, NY - McGowan",Cornell_WinterOatPeaIntercrop_2024_Ithaca,227,Cornell_WinterOatPeaIntercrop_2024_Ithaca-PLOT_227,NF12AS-100-4_2,,,5,17,7,7,
227,plot,"Ithaca, NY - McGowan",Cornell_WinterOatPeaIntercrop_2024_Ithaca,222,Cornell_WinterOatPeaIntercrop_2024_Ithaca-PLOT_222,NO_OATS_PLANTED,,,4,17,7,7,
228,plot,"Ithaca, NY - McGowan",Cornell_WinterOatPeaIntercrop_2024_Ithaca,199,Cornell_WinterOatPeaIntercrop_2024_Ithaca-PLOT_199,HORIZON201,,,3,17,6,6,
229,plot,"Ithaca, NY - McGowan",Cornell_WinterOatPeaIntercrop_2024_Ithaca,194,Cornell_WinterOatPeaIntercrop_2024_Ithaca-PLOT_194,FLLA17088-61,,,2,17,6,6,
230,plot,"Ithaca, NY - McGowan",Cornell_WinterOatPeaIntercrop_2024_Ithaca,171,Cornell_WinterOatPeaIntercrop_2024_Ithaca-PLOT_171,NC09-4503N,,,1,17,6,6,
231,plot,"Ithaca, NY - McGowan",Cornell_WinterOatPeaIntercrop_2024_Ithaca,172,Cornell_WinterOatPeaIntercrop_2024_Ithaca-PLOT_172,NC09-4503N,,,1,18,6,6,
232,plot,"Ithaca, NY - McGowan",Cornell_WinterOatPeaIntercrop_2024_Ithaca,193,Cornell_WinterOatPeaIntercrop_2024_Ithaca-PLOT_193,FLLA17088-61,,,2,18,6,6,
233,plot,"Ithaca, NY - McGowan",Cornell_WinterOatPeaIntercrop_2024_Ithaca,200,Cornell_WinterOatPeaIntercrop_2024_Ithaca-PLOT_200,HORIZON201,,,3,18,6,6,
234,plot,"Ithaca, NY - McGowan",Cornell_WinterOatPeaIntercrop_2024_Ithaca,221,Cornell_WinterOatPeaIntercrop_2024_Ithaca-PLOT_221,NO_OATS_PLANTED,,,4,18,7,7,
235,plot,"Ithaca, NY - McGowan",Cornell_WinterOatPeaIntercrop_2024_Ithaca,228,Cornell_WinterOatPeaIntercrop_2024_Ithaca-PLOT_228,NF12AS-100-4_2,,,5,18,7,7,
236,plot,"Ithaca, NY - McGowan",Cornell_WinterOatPeaIntercrop_2024_Ithaca,249,Cornell_WinterOatPeaIntercrop_2024_Ithaca-PLOT_249,Gerard 227,,,6,18,7,7,
237,plot,"Ithaca, NY - McGowan",Cornell_WinterOatPeaIntercrop_2024_Ithaca,256,Cornell_WinterOatPeaIntercrop_2024_Ithaca-PLOT_256,NF12AS-100-4_2,,,7,18,8,8,
238,plot,"Ithaca, NY - McGowan",Cornell_WinterOatPeaIntercrop_2024_Ithaca,277,Cornell_WinterOatPeaIntercrop_2024_Ithaca-PLOT_277,NO_OATS_PLANTED,,,8,18,8,8,
239,plot,"Ithaca, NY - McGowan",Cornell_WinterOatPeaIntercrop_2024_Ithaca,284,Cornell_WinterOatPeaIntercrop_2024_Ithaca-PLOT_284,NF97405-1,,,9,18,8,8,
240,plot,"Ithaca, NY - McGowan",Cornell_WinterOatPeaIntercrop_2024_Ithaca,305,Cornell_WinterOatPeaIntercrop_2024_Ithaca-PLOT_305,NC17-6440,,,10,18,9,9,
241,plot,"Ithaca, NY - McGowan",Cornell_WinterOatPeaIntercrop_2024_Ithaca,312,Cornell_WinterOatPeaIntercrop_2024_Ithaca-PLOT_312,NO_OATS_PLANTED,,,11,18,9,9,
242,plot,"Ithaca, NY - McGowan",Cornell_WinterOatPeaIntercrop_2024_Ithaca,333,Cornell_WinterOatPeaIntercrop_2024_Ithaca-PLOT_333,NF13-4157-4_2,,,12,18,9,9,
243,plot,"Ithaca, NY - McGowan",Cornell_WinterOatPeaIntercrop_2024_Ithaca,351,Cornell_WinterOatPeaIntercrop_2024_Ithaca-PLOT_351,FLLA16083-25,,,13,18,10,10,
244,plot,"Ithaca, NY - McGowan",Cornell_WinterOatPeaIntercrop_2024_Ithaca,366,Cornell_WinterOatPeaIntercrop_2024_Ithaca-PLOT_366,NO_OATS_PLANTED,,,14,18,10,10,
245,plot,"Ithaca, NY - McGowan",Cornell_WinterOatPeaIntercrop_2024_Ithaca,365,Cornell_WinterOatPeaIntercrop_2024_Ithaca-PLOT_365,NO_OATS_PLANTED,,,14,19,10,10,
246,plot,"Ithaca, NY - McGowan",Cornell_WinterOatPeaIntercrop_2024_Ithaca,352,Cornell_WinterOatPeaIntercrop_2024_Ithaca-PLOT_352,FLLA16083-25,,,13,19,10,10,
247,plot,"Ithaca, NY - McGowan",Cornell_WinterOatPeaIntercrop_2024_Ithaca,332,Cornell_WinterOatPeaIntercrop_2024_Ithaca-PLOT_332,NO_OATS_PLANTED,,,12,19,9,9,
248,plot,"Ithaca, NY - McGowan",Cornell_WinterOatPeaIntercrop_2024_Ithaca,313,Cornell_WinterOatPeaIntercrop_2024_Ithaca-PLOT_313,LA17129SBSS-8-1,,,11,19,9,9,
249,plot,"Ithaca, NY - McGowan",Cornell_WinterOatPeaIntercrop_2024_Ithaca,304,Cornell_WinterOatPeaIntercrop_2024_Ithaca-PLOT_304,NO_OATS_PLANTED,,,10,19,9,9,
250,plot,"Ithaca, NY - McGowan",Cornell_WinterOatPeaIntercrop_2024_Ithaca,285,Cornell_WinterOatPeaIntercrop_2024_Ithaca-PLOT_285,NF00407,,,9,19,8,8,
251,plot,"Ithaca, NY - McGowan",Cornell_WinterOatPeaIntercrop_2024_Ithaca,276,Cornell_WinterOatPeaIntercrop_2024_Ithaca-PLOT_276,NF18,,,8,19,8,8,
252,plot,"Ithaca, NY - McGowan",Cornell_WinterOatPeaIntercrop_2024_Ithaca,257,Cornell_WinterOatPeaIntercrop_2024_Ithaca-PLOT_257,NF12AS-107-4_2-1,,,7,19,8,8,
253,plot,"Ithaca, NY - McGowan",Cornell_WinterOatPeaIntercrop_2024_Ithaca,248,Cornell_WinterOatPeaIntercrop_2024_Ithaca-PLOT_248,NC20-4700,,,6,19,7,7,
254,plot,"Ithaca, NY - McGowan",Cornell_WinterOatPeaIntercrop_2024_Ithaca,229,Cornell_WinterOatPeaIntercrop_2024_Ithaca-PLOT_229,NO_OATS_PLANTED,,,5,19,7,7,
255,plot,"Ithaca, NY - McGowan",Cornell_WinterOatPeaIntercrop_2024_Ithaca,220,Cornell_WinterOatPeaIntercrop_2024_Ithaca-PLOT_220,NF13-4214-4_1,,,4,19,7,7,
256,plot,"Ithaca, NY - McGowan",Cornell_WinterOatPeaIntercrop_2024_Ithaca,201,Cornell_WinterOatPeaIntercrop_2024_Ithaca-PLOT_201,PA7617-3658,,,3,19,6,6,
257,plot,"Ithaca, NY - McGowan",Cornell_WinterOatPeaIntercrop_2024_Ithaca,192,Cornell_WinterOatPeaIntercrop_2024_Ithaca-PLOT_192,NC20-4702,,,2,19,6,6,
258,plot,"Ithaca, NY - McGowan",Cornell_WinterOatPeaIntercrop_2024_Ithaca,173,Cornell_WinterOatPeaIntercrop_2024_Ithaca-PLOT_173,NF99414-1,,,1,19,6,6,
259,plot,"Ithaca, NY - McGowan",Cornell_WinterOatPeaIntercrop_2024_Ithaca,174,Cornell_WinterOatPeaIntercrop_2024_Ithaca-PLOT_174,NF99414-1,,,1,20,6,6,
260,plot,"Ithaca, NY - McGowan",Cornell_WinterOatPeaIntercrop_2024_Ithaca,191,Cornell_WinterOatPeaIntercrop_2024_Ithaca-PLOT_191,NC20-4702,,,2,20,6,6,
261,plot,"Ithaca, NY - McGowan",Cornell_WinterOatPeaIntercrop_2024_Ithaca,202,Cornell_WinterOatPeaIntercrop_2024_Ithaca-PLOT_202,PA7617-3658,,,3,20,6,6,
262,plot,"Ithaca, NY - McGowan",Cornell_WinterOatPeaIntercrop_2024_Ithaca,219,Cornell_WinterOatPeaIntercrop_2024_Ithaca-PLOT_219,NF13-4214-4_1,,,4,20,7,7,
263,plot,"Ithaca, NY - McGowan",Cornell_WinterOatPeaIntercrop_2024_Ithaca,230,Cornell_WinterOatPeaIntercrop_2024_Ithaca-PLOT_230,NO_OATS_PLANTED,,,5,20,7,7,
264,plot,"Ithaca, NY - McGowan",Cornell_WinterOatPeaIntercrop_2024_Ithaca,247,Cornell_WinterOatPeaIntercrop_2024_Ithaca-PLOT_247,NC20-4700,,,6,20,7,7,
265,plot,"Ithaca, NY - McGowan",Cornell_WinterOatPeaIntercrop_2024_Ithaca,258,Cornell_WinterOatPeaIntercrop_2024_Ithaca-PLOT_258,NF12AS-107-4_2-1,,,7,20,8,8,
266,plot,"Ithaca, NY - McGowan",Cornell_WinterOatPeaIntercrop_2024_Ithaca,275,Cornell_WinterOatPeaIntercrop_2024_Ithaca-PLOT_275,NF18,,,8,20,8,8,
267,plot,"Ithaca, NY - McGowan",Cornell_WinterOatPeaIntercrop_2024_Ithaca,286,Cornell_WinterOatPeaIntercrop_2024_Ithaca-PLOT_286,NF00407,,,9,20,8,8,
268,plot,"Ithaca, NY - McGowan",Cornell_WinterOatPeaIntercrop_2024_Ithaca,303,Cornell_WinterOatPeaIntercrop_2024_Ithaca-PLOT_303,NO_OATS_PLANTED,,,10,20,9,9,
269,plot,"Ithaca, NY - McGowan",Cornell_WinterOatPeaIntercrop_2024_Ithaca,314,Cornell_WinterOatPeaIntercrop_2024_Ithaca-PLOT_314,LA17129SBSS-8-1,,,11,20,9,9,
270,plot,"Ithaca, NY - McGowan",Cornell_WinterOatPeaIntercrop_2024_Ithaca,331,Cornell_WinterOatPeaIntercrop_2024_Ithaca-PLOT_331,NO_OATS_PLANTED,,,12,20,9,9,
271,plot,"Ithaca, NY - McGowan",Cornell_WinterOatPeaIntercrop_2024_Ithaca,353,Cornell_WinterOatPeaIntercrop_2024_Ithaca-PLOT_353,NO_OATS_PLANTED,,,13,20,10,10,
272,plot,"Ithaca, NY - McGowan",Cornell_WinterOatPeaIntercrop_2024_Ithaca,364,Cornell_WinterOatPeaIntercrop_2024_Ithaca-PLOT_364,NC20-4700,,,14,20,10,10,
273,plot,"Ithaca, NY - McGowan",Cornell_WinterOatPeaIntercrop_2024_Ithaca,363,Cornell_WinterOatPeaIntercrop_2024_Ithaca-PLOT_363,NC20-4700,,,14,21,10,10,
274,plot,"Ithaca, NY - McGowan",Cornell_WinterOatPeaIntercrop_2024_Ithaca,354,Cornell_WinterOatPeaIntercrop_2024_Ithaca-PLOT_354,NO_OATS_PLANTED,,,13,21,10,10,
275,plot,"Ithaca, NY - McGowan",Cornell_WinterOatPeaIntercrop_2024_Ithaca,330,Cornell_WinterOatPeaIntercrop_2024_Ithaca-PLOT_330,NC21-6609,,,12,21,9,9,
276,plot,"Ithaca, NY - McGowan",Cornell_WinterOatPeaIntercrop_2024_Ithaca,315,Cornell_WinterOatPeaIntercrop_2024_Ithaca-PLOT_315,SCLA17080SBS-4-2,,,11,21,9,9,
277,plot,"Ithaca, NY - McGowan",Cornell_WinterOatPeaIntercrop_2024_Ithaca,302,Cornell_WinterOatPeaIntercrop_2024_Ithaca-PLOT_302,FLLA16083-25,,,10,21,9,9,
278,plot,"Ithaca, NY - McGowan",Cornell_WinterOatPeaIntercrop_2024_Ithaca,287,Cornell_WinterOatPeaIntercrop_2024_Ithaca-PLOT_287,NF13-4153-4_2,,,9,21,8,8,
279,plot,"Ithaca, NY - McGowan",Cornell_WinterOatPeaIntercrop_2024_Ithaca,274,Cornell_WinterOatPeaIntercrop_2024_Ithaca-PLOT_274,NC18-5877N,,,8,21,8,8,
280,plot,"Ithaca, NY - McGowan",Cornell_WinterOatPeaIntercrop_2024_Ithaca,259,Cornell_WinterOatPeaIntercrop_2024_Ithaca-PLOT_259,NF401_1,,,7,21,8,8,
281,plot,"Ithaca, NY - McGowan",Cornell_WinterOatPeaIntercrop_2024_Ithaca,246,Cornell_WinterOatPeaIntercrop_2024_Ithaca-PLOT_246,NO_OATS_PLANTED,,,6,21,7,7,
282,plot,"Ithaca, NY - McGowan",Cornell_WinterOatPeaIntercrop_2024_Ithaca,231,Cornell_WinterOatPeaIntercrop_2024_Ithaca-PLOT_231,Winter Hayden,,,5,21,7,7,
283,plot,"Ithaca, NY - McGowan",Cornell_WinterOatPeaIntercrop_2024_Ithaca,218,Cornell_WinterOatPeaIntercrop_2024_Ithaca-PLOT_218,GERARD224,,,4,21,7,7,
284,plot,"Ithaca, NY - McGowan",Cornell_WinterOatPeaIntercrop_2024_Ithaca,203,Cornell_WinterOatPeaIntercrop_2024_Ithaca-PLOT_203,OZARK|POGI,,,3,21,6,6,
285,plot,"Ithaca, NY - McGowan",Cornell_WinterOatPeaIntercrop_2024_Ithaca,190,Cornell_WinterOatPeaIntercrop_2024_Ithaca-PLOT_190,NO_OATS_PLANTED,,,2,21,6,6,
286,plot,"Ithaca, NY - McGowan",Cornell_WinterOatPeaIntercrop_2024_Ithaca,175,Cornell_WinterOatPeaIntercrop_2024_Ithaca-PLOT_175,NC18-5877N,,,1,21,6,6,
287,plot,"Ithaca, NY - McGowan",Cornell_WinterOatPeaIntercrop_2024_Ithaca,176,Cornell_WinterOatPeaIntercrop_2024_Ithaca-PLOT_176,NC18-5877N,,,1,22,6,6,
288,plot,"Ithaca, NY - McGowan",Cornell_WinterOatPeaIntercrop_2024_Ithaca,189,Cornell_WinterOatPeaIntercrop_2024_Ithaca-PLOT_189,NO_OATS_PLANTED,,,2,22,6,6,
289,plot,"Ithaca, NY - McGowan",Cornell_WinterOatPeaIntercrop_2024_Ithaca,204,Cornell_WinterOatPeaIntercrop_2024_Ithaca-PLOT_204,OZARK|POGI,,,3,22,6,6,
290,plot,"Ithaca, NY - McGowan",Cornell_WinterOatPeaIntercrop_2024_Ithaca,217,Cornell_WinterOatPeaIntercrop_2024_Ithaca-PLOT_217,GERARD224,,,4,22,7,7,
291,plot,"Ithaca, NY - McGowan",Cornell_WinterOatPeaIntercrop_2024_Ithaca,232,Cornell_WinterOatPeaIntercrop_2024_Ithaca-PLOT_232,Winter Hayden,,,5,22,7,7,
292,plot,"Ithaca, NY - McGowan",Cornell_WinterOatPeaIntercrop_2024_Ithaca,245,Cornell_WinterOatPeaIntercrop_2024_Ithaca-PLOT_245,NO_OATS_PLANTED,,,6,22,7,7,
293,plot,"Ithaca, NY - McGowan",Cornell_WinterOatPeaIntercrop_2024_Ithaca,260,Cornell_WinterOatPeaIntercrop_2024_Ithaca-PLOT_260,NF401_1,,,7,22,8,8,
294,plot,"Ithaca, NY - McGowan",Cornell_WinterOatPeaIntercrop_2024_Ithaca,273,Cornell_WinterOatPeaIntercrop_2024_Ithaca-PLOT_273,NC18-5877N,,,8,22,8,8,
295,plot,"Ithaca, NY - McGowan",Cornell_WinterOatPeaIntercrop_2024_Ithaca,288,Cornell_WinterOatPeaIntercrop_2024_Ithaca-PLOT_288,NF13-4153-4_2,,,9,22,8,8,
296,plot,"Ithaca, NY - McGowan",Cornell_WinterOatPeaIntercrop_2024_Ithaca,301,Cornell_WinterOatPeaIntercrop_2024_Ithaca-PLOT_301,FLLA16083-25,,,10,22,9,9,
297,plot,"Ithaca, NY - McGowan",Cornell_WinterOatPeaIntercrop_2024_Ithaca,316,Cornell_WinterOatPeaIntercrop_2024_Ithaca-PLOT_316,SCLA17080SBS-4-2,,,11,22,9,9,
298,plot,"Ithaca, NY - McGowan",Cornell_WinterOatPeaIntercrop_2024_Ithaca,329,Cornell_WinterOatPeaIntercrop_2024_Ithaca-PLOT_329,NC21-6609,,,12,22,9,9,
299,plot,"Ithaca, NY - McGowan",Cornell_WinterOatPeaIntercrop_2024_Ithaca,355,Cornell_WinterOatPeaIntercrop_2024_Ithaca-PLOT_355,FLLA11019-8,,,13,22,10,10,
300,plot,"Ithaca, NY - McGowan",Cornell_WinterOatPeaIntercrop_2024_Ithaca,362,Cornell_WinterOatPeaIntercrop_2024_Ithaca-PLOT_362,NO_OATS_PLANTED,,,14,22,10,10,
301,plot,"Ithaca, NY - McGowan",Cornell_WinterOatPeaIntercrop_2024_Ithaca,361,Cornell_WinterOatPeaIntercrop_2024_Ithaca-PLOT_361,NO_OATS_PLANTED,,,14,23,10,10,
302,plot,"Ithaca, NY - McGowan",Cornell_WinterOatPeaIntercrop_2024_Ithaca,356,Cornell_WinterOatPeaIntercrop_2024_Ithaca-PLOT_356,FLLA11019-8,,,13,23,10,10,
303,plot,"Ithaca, NY - McGowan",Cornell_WinterOatPeaIntercrop_2024_Ithaca,328,Cornell_WinterOatPeaIntercrop_2024_Ithaca-PLOT_328,Juggernaut,,,12,23,9,9,
304,plot,"Ithaca, NY - McGowan",Cornell_WinterOatPeaIntercrop_2024_Ithaca,317,Cornell_WinterOatPeaIntercrop_2024_Ithaca-PLOT_317,HORIZON201,,,11,23,9,9,
305,plot,"Ithaca, NY - McGowan",Cornell_WinterOatPeaIntercrop_2024_Ithaca,300,Cornell_WinterOatPeaIntercrop_2024_Ithaca-PLOT_300,LA17153SBSS-55-1,,,10,23,9,9,
306,plot,"Ithaca, NY - McGowan",Cornell_WinterOatPeaIntercrop_2024_Ithaca,289,Cornell_WinterOatPeaIntercrop_2024_Ithaca-PLOT_289,NO_OATS_PLANTED,,,9,23,8,8,
307,plot,"Ithaca, NY - McGowan",Cornell_WinterOatPeaIntercrop_2024_Ithaca,272,Cornell_WinterOatPeaIntercrop_2024_Ithaca-PLOT_272,NF13-4173-4_6,,,8,23,8,8,
308,plot,"Ithaca, NY - McGowan",Cornell_WinterOatPeaIntercrop_2024_Ithaca,261,Cornell_WinterOatPeaIntercrop_2024_Ithaca-PLOT_261,NC19-3542,,,7,23,8,8,
309,plot,"Ithaca, NY - McGowan",Cornell_WinterOatPeaIntercrop_2024_Ithaca,244,Cornell_WinterOatPeaIntercrop_2024_Ithaca-PLOT_244,LA17069SBSS-2-1,,,6,23,7,7,
310,plot,"Ithaca, NY - McGowan",Cornell_WinterOatPeaIntercrop_2024_Ithaca,233,Cornell_WinterOatPeaIntercrop_2024_Ithaca-PLOT_233,OKAY,,,5,23,7,7,
311,plot,"Ithaca, NY - McGowan",Cornell_WinterOatPeaIntercrop_2024_Ithaca,216,Cornell_WinterOatPeaIntercrop_2024_Ithaca-PLOT_216,NF00407,,,4,23,7,7,
312,plot,"Ithaca, NY - McGowan",Cornell_WinterOatPeaIntercrop_2024_Ithaca,205,Cornell_WinterOatPeaIntercrop_2024_Ithaca-PLOT_205,GERARD224,,,3,23,6,6,
313,plot,"Ithaca, NY - McGowan",Cornell_WinterOatPeaIntercrop_2024_Ithaca,188,Cornell_WinterOatPeaIntercrop_2024_Ithaca-PLOT_188,NO_OATS_PLANTED,,,2,23,6,6,
314,plot,"Ithaca, NY - McGowan",Cornell_WinterOatPeaIntercrop_2024_Ithaca,177,Cornell_WinterOatPeaIntercrop_2024_Ithaca-PLOT_177,NO_OATS_PLANTED,,,1,23,6,6,
315,plot,"Ithaca, NY - McGowan",Cornell_WinterOatPeaIntercrop_2024_Ithaca,178,Cornell_WinterOatPeaIntercrop_2024_Ithaca-PLOT_178,NO_OATS_PLANTED,,,1,24,6,6,
316,plot,"Ithaca, NY - McGowan",Cornell_WinterOatPeaIntercrop_2024_Ithaca,187,Cornell_WinterOatPeaIntercrop_2024_Ithaca-PLOT_187,NO_OATS_PLANTED,,,2,24,6,6,
317,plot,"Ithaca, NY - McGowan",Cornell_WinterOatPeaIntercrop_2024_Ithaca,206,Cornell_WinterOatPeaIntercrop_2024_Ithaca-PLOT_206,GERARD224,,,3,24,6,6,
318,plot,"Ithaca, NY - McGowan",Cornell_WinterOatPeaIntercrop_2024_Ithaca,215,Cornell_WinterOatPeaIntercrop_2024_Ithaca-PLOT_215,NF00407,,,4,24,7,7,
319,plot,"Ithaca, NY - McGowan",Cornell_WinterOatPeaIntercrop_2024_Ithaca,234,Cornell_WinterOatPeaIntercrop_2024_Ithaca-PLOT_234,OKAY,,,5,24,7,7,
320,plot,"Ithaca, NY - McGowan",Cornell_WinterOatPeaIntercrop_2024_Ithaca,243,Cornell_WinterOatPeaIntercrop_2024_Ithaca-PLOT_243,LA17069SBSS-2-1,,,6,24,7,7,
321,plot,"Ithaca, NY - McGowan",Cornell_WinterOatPeaIntercrop_2024_Ithaca,262,Cornell_WinterOatPeaIntercrop_2024_Ithaca-PLOT_262,NC19-3542,,,7,24,8,8,
322,plot,"Ithaca, NY - McGowan",Cornell_WinterOatPeaIntercrop_2024_Ithaca,271,Cornell_WinterOatPeaIntercrop_2024_Ithaca-PLOT_271,NF13-4173-4_6,,,8,24,8,8,
323,plot,"Ithaca, NY - McGowan",Cornell_WinterOatPeaIntercrop_2024_Ithaca,290,Cornell_WinterOatPeaIntercrop_2024_Ithaca-PLOT_290,NO_OATS_PLANTED,,,9,24,8,8,
324,plot,"Ithaca, NY - McGowan",Cornell_WinterOatPeaIntercrop_2024_Ithaca,299,Cornell_WinterOatPeaIntercrop_2024_Ithaca-PLOT_299,LA17153SBSS-55-1,,,10,24,9,9,
325,plot,"Ithaca, NY - McGowan",Cornell_WinterOatPeaIntercrop_2024_Ithaca,318,Cornell_WinterOatPeaIntercrop_2024_Ithaca-PLOT_318,HORIZON201,,,11,24,9,9,
326,plot,"Ithaca, NY - McGowan",Cornell_WinterOatPeaIntercrop_2024_Ithaca,327,Cornell_WinterOatPeaIntercrop_2024_Ithaca-PLOT_327,Juggernaut,,,12,24,9,9,
327,plot,"Ithaca, NY - McGowan",Cornell_WinterOatPeaIntercrop_2024_Ithaca,357,Cornell_WinterOatPeaIntercrop_2024_Ithaca-PLOT_357,LA17075SBSS-29-1,,,13,24,10,10,
328,plot,"Ithaca, NY - McGowan",Cornell_WinterOatPeaIntercrop_2024_Ithaca,360,Cornell_WinterOatPeaIntercrop_2024_Ithaca-PLOT_360,NF12AS-107-4_4,,,14,24,10,10,
329,plot,"Ithaca, NY - McGowan",Cornell_WinterOatPeaIntercrop_2024_Ithaca,359,Cornell_WinterOatPeaIntercrop_2024_Ithaca-PLOT_359,NF12AS-107-4_4,,,14,25,10,10,
330,plot,"Ithaca, NY - McGowan",Cornell_WinterOatPeaIntercrop_2024_Ithaca,358,Cornell_WinterOatPeaIntercrop_2024_Ithaca-PLOT_358,LA17075SBSS-29-1,,,13,25,10,10,
331,plot,"Ithaca, NY - McGowan",Cornell_WinterOatPeaIntercrop_2024_Ithaca,326,Cornell_WinterOatPeaIntercrop_2024_Ithaca-PLOT_326,FLLA17069-52,,,12,25,9,9,
332,plot,"Ithaca, NY - McGowan",Cornell_WinterOatPeaIntercrop_2024_Ithaca,319,Cornell_WinterOatPeaIntercrop_2024_Ithaca-PLOT_319,Winter Hayden,,,11,25,9,9,
333,plot,"Ithaca, NY - McGowan",Cornell_WinterOatPeaIntercrop_2024_Ithaca,298,Cornell_WinterOatPeaIntercrop_2024_Ithaca-PLOT_298,FLLA11019-8,,,10,25,9,9,
334,plot,"Ithaca, NY - McGowan",Cornell_WinterOatPeaIntercrop_2024_Ithaca,291,Cornell_WinterOatPeaIntercrop_2024_Ithaca-PLOT_291,Juggernaut,,,9,25,8,8,
335,plot,"Ithaca, NY - McGowan",Cornell_WinterOatPeaIntercrop_2024_Ithaca,270,Cornell_WinterOatPeaIntercrop_2024_Ithaca-PLOT_270,NF01401B,,,8,25,8,8,
336,plot,"Ithaca, NY - McGowan",Cornell_WinterOatPeaIntercrop_2024_Ithaca,263,Cornell_WinterOatPeaIntercrop_2024_Ithaca-PLOT_263,NF97405B2,,,7,25,8,8,
337,plot,"Ithaca, NY - McGowan",Cornell_WinterOatPeaIntercrop_2024_Ithaca,242,Cornell_WinterOatPeaIntercrop_2024_Ithaca-PLOT_242,NF12AS-73-4_3,,,6,25,7,7,
338,plot,"Ithaca, NY - McGowan",Cornell_WinterOatPeaIntercrop_2024_Ithaca,235,Cornell_WinterOatPeaIntercrop_2024_Ithaca-PLOT_235,Clav 6982,,,5,25,7,7,
339,plot,"Ithaca, NY - McGowan",Cornell_WinterOatPeaIntercrop_2024_Ithaca,214,Cornell_WinterOatPeaIntercrop_2024_Ithaca-PLOT_214,TX19CAS0057,,,4,25,7,7,
340,plot,"Ithaca, NY - McGowan",Cornell_WinterOatPeaIntercrop_2024_Ithaca,207,Cornell_WinterOatPeaIntercrop_2024_Ithaca-PLOT_207,LA08039SBSBS-56-A1,,,3,25,6,6,
341,plot,"Ithaca, NY - McGowan",Cornell_WinterOatPeaIntercrop_2024_Ithaca,186,Cornell_WinterOatPeaIntercrop_2024_Ithaca-PLOT_186,NF12AS-107-4_4,,,2,25,6,6,
342,plot,"Ithaca, NY - McGowan",Cornell_WinterOatPeaIntercrop_2024_Ithaca,179,Cornell_WinterOatPeaIntercrop_2024_Ithaca-PLOT_179,LA17153SBSS-46-1,,,1,25,6,6,
343,plot,"Ithaca, NY - McGowan",Cornell_WinterOatPeaIntercrop_2024_Ithaca,180,Cornell_WinterOatPeaIntercrop_2024_Ithaca-PLOT_180,LA17153SBSS-46-1,,,1,26,6,6,
344,plot,"Ithaca, NY - McGowan",Cornell_WinterOatPeaIntercrop_2024_Ithaca,185,Cornell_WinterOatPeaIntercrop_2024_Ithaca-PLOT_185,NF12AS-107-4_4,,,2,26,6,6,
345,plot,"Ithaca, NY - McGowan",Cornell_WinterOatPeaIntercrop_2024_Ithaca,208,Cornell_WinterOatPeaIntercrop_2024_Ithaca-PLOT_208,LA08039SBSBS-56-A1,,,3,26,6,6,
346,plot,"Ithaca, NY - McGowan",Cornell_WinterOatPeaIntercrop_2024_Ithaca,213,Cornell_WinterOatPeaIntercrop_2024_Ithaca-PLOT_213,TX19CAS0057,,,4,26,7,7,
347,plot,"Ithaca, NY - McGowan",Cornell_WinterOatPeaIntercrop_2024_Ithaca,236,Cornell_WinterOatPeaIntercrop_2024_Ithaca-PLOT_236,Clav 6982,,,5,26,7,7,
348,plot,"Ithaca, NY - McGowan",Cornell_WinterOatPeaIntercrop_2024_Ithaca,241,Cornell_WinterOatPeaIntercrop_2024_Ithaca-PLOT_241,NF12AS-73-4_3,,,6,26,7,7,
349,plot,"Ithaca, NY - McGowan",Cornell_WinterOatPeaIntercrop_2024_Ithaca,264,Cornell_WinterOatPeaIntercrop_2024_Ithaca-PLOT_264,NF97405B2,,,7,26,8,8,
350,plot,"Ithaca, NY - McGowan",Cornell_WinterOatPeaIntercrop_2024_Ithaca,269,Cornell_WinterOatPeaIntercrop_2024_Ithaca-PLOT_269,NF01401B,,,8,26,8,8,
351,plot,"Ithaca, NY - McGowan",Cornell_WinterOatPeaIntercrop_2024_Ithaca,292,Cornell_WinterOatPeaIntercrop_2024_Ithaca-PLOT_292,Juggernaut,,,9,26,8,8,
352,plot,"Ithaca, NY - McGowan",Cornell_WinterOatPeaIntercrop_2024_Ithaca,297,Cornell_WinterOatPeaIntercrop_2024_Ithaca-PLOT_297,FLLA11019-8,,,10,26,9,9,
353,plot,"Ithaca, NY - McGowan",Cornell_WinterOatPeaIntercrop_2024_Ithaca,320,Cornell_WinterOatPeaIntercrop_2024_Ithaca-PLOT_320,Winter Hayden,,,11,26,9,9,
354,plot,"Ithaca, NY - McGowan",Cornell_WinterOatPeaIntercrop_2024_Ithaca,325,Cornell_WinterOatPeaIntercrop_2024_Ithaca-PLOT_325,FLLA17069-52,,,12,26,9,9,
355,plot,"Ithaca, NY - McGowan",Cornell_WinterOatPeaIntercrop_2024_Ithaca,324,Cornell_WinterOatPeaIntercrop_2024_Ithaca-PLOT_324,NC21-6502,,,12,27,9,9,
356,plot,"Ithaca, NY - McGowan",Cornell_WinterOatPeaIntercrop_2024_Ithaca,321,Cornell_WinterOatPeaIntercrop_2024_Ithaca-PLOT_321,NO_OATS_PLANTED,,,11,27,9,9,
357,plot,"Ithaca, NY - McGowan",Cornell_WinterOatPeaIntercrop_2024_Ithaca,296,Cornell_WinterOatPeaIntercrop_2024_Ithaca-PLOT_296,NF97405-1,,,10,27,9,9,
358,plot,"Ithaca, NY - McGowan",Cornell_WinterOatPeaIntercrop_2024_Ithaca,293,Cornell_WinterOatPeaIntercrop_2024_Ithaca-PLOT_293,LA17075SBSS-29-1,,,9,27,8,8,
359,plot,"Ithaca, NY - McGowan",Cornell_WinterOatPeaIntercrop_2024_Ithaca,268,Cornell_WinterOatPeaIntercrop_2024_Ithaca-PLOT_268,TX18OCS9100,,,8,27,8,8,
360,plot,"Ithaca, NY - McGowan",Cornell_WinterOatPeaIntercrop_2024_Ithaca,265,Cornell_WinterOatPeaIntercrop_2024_Ithaca-PLOT_265,NO_OATS_PLANTED,,,7,27,8,8,
361,plot,"Ithaca, NY - McGowan",Cornell_WinterOatPeaIntercrop_2024_Ithaca,240,Cornell_WinterOatPeaIntercrop_2024_Ithaca-PLOT_240,Clav 4476,,,6,27,7,7,
362,plot,"Ithaca, NY - McGowan",Cornell_WinterOatPeaIntercrop_2024_Ithaca,237,Cornell_WinterOatPeaIntercrop_2024_Ithaca-PLOT_237,LA99016,,,5,27,7,7,
363,plot,"Ithaca, NY - McGowan",Cornell_WinterOatPeaIntercrop_2024_Ithaca,212,Cornell_WinterOatPeaIntercrop_2024_Ithaca-PLOT_212,PA7617-3460,,,4,27,7,7,
364,plot,"Ithaca, NY - McGowan",Cornell_WinterOatPeaIntercrop_2024_Ithaca,209,Cornell_WinterOatPeaIntercrop_2024_Ithaca-PLOT_209,NC20-4551,,,3,27,6,6,
365,plot,"Ithaca, NY - McGowan",Cornell_WinterOatPeaIntercrop_2024_Ithaca,184,Cornell_WinterOatPeaIntercrop_2024_Ithaca-PLOT_184,LA17153SBSS-55-1,,,2,27,6,6,
366,plot,"Ithaca, NY - McGowan",Cornell_WinterOatPeaIntercrop_2024_Ithaca,181,Cornell_WinterOatPeaIntercrop_2024_Ithaca-PLOT_181,NC20-4402,,,1,27,6,6,
367,plot,"Ithaca, NY - McGowan",Cornell_WinterOatPeaIntercrop_2024_Ithaca,182,Cornell_WinterOatPeaIntercrop_2024_Ithaca-PLOT_182,NC20-4402,,,1,28,6,6,
368,plot,"Ithaca, NY - McGowan",Cornell_WinterOatPeaIntercrop_2024_Ithaca,183,Cornell_WinterOatPeaIntercrop_2024_Ithaca-PLOT_183,LA17153SBSS-55-1,,,2,28,6,6,
369,plot,"Ithaca, NY - McGowan",Cornell_WinterOatPeaIntercrop_2024_Ithaca,210,Cornell_WinterOatPeaIntercrop_2024_Ithaca-PLOT_210,NC20-4551,,,3,28,6,6,
370,plot,"Ithaca, NY - McGowan",Cornell_WinterOatPeaIntercrop_2024_Ithaca,211,Cornell_WinterOatPeaIntercrop_2024_Ithaca-PLOT_211,PA7617-3460,,,4,28,7,7,
371,plot,"Ithaca, NY - McGowan",Cornell_WinterOatPeaIntercrop_2024_Ithaca,238,Cornell_WinterOatPeaIntercrop_2024_Ithaca-PLOT_238,LA99016,,,5,28,7,7,
372,plot,"Ithaca, NY - McGowan",Cornell_WinterOatPeaIntercrop_2024_Ithaca,239,Cornell_WinterOatPeaIntercrop_2024_Ithaca-PLOT_239,Clav 4476,,,6,28,7,7,
373,plot,"Ithaca, NY - McGowan",Cornell_WinterOatPeaIntercrop_2024_Ithaca,266,Cornell_WinterOatPeaIntercrop_2024_Ithaca-PLOT_266,NO_OATS_PLANTED,,,7,28,8,8,
374,plot,"Ithaca, NY - McGowan",Cornell_WinterOatPeaIntercrop_2024_Ithaca,267,Cornell_WinterOatPeaIntercrop_2024_Ithaca-PLOT_267,TX18OCS9100,,,8,28,8,8,
375,plot,"Ithaca, NY - McGowan",Cornell_WinterOatPeaIntercrop_2024_Ithaca,294,Cornell_WinterOatPeaIntercrop_2024_Ithaca-PLOT_294,LA17075SBSS-29-1,,,9,28,8,8,
376,plot,"Ithaca, NY - McGowan",Cornell_WinterOatPeaIntercrop_2024_Ithaca,295,Cornell_WinterOatPeaIntercrop_2024_Ithaca-PLOT_295,NF97405-1,,,10,28,9,9,
377,plot,"Ithaca, NY - McGowan",Cornell_WinterOatPeaIntercrop_2024_Ithaca,322,Cornell_WinterOatPeaIntercrop_2024_Ithaca-PLOT_322,NO_OATS_PLANTED,,,11,28,9,9,
378,plot,"Ithaca, NY - McGowan",Cornell_WinterOatPeaIntercrop_2024_Ithaca,323,Cornell_WinterOatPeaIntercrop_2024_Ithaca-PLOT_323,NC21-6502,,,12,28,9,9,